ID,Module,Feature Group,Endpoint,Role,User Story,Expected Behaviour,Params,Status,Test Result / Errors,Automated Test Coverage,Notes
US-001,360 Stays,bookings,POST /api/v1/bookings,Authenticated user,"As authenticated user, I want to create booking.",Create booking.,,Pending,,,
US-002,360 Stays,bookings,GET /api/v1/bookings,Authenticated user,"As authenticated user, I want to list my bookings.",List my bookings.,,Pending,,,
US-003,360 Stays,bookings,GET /api/v1/bookings/all,Authenticated user,"As authenticated user, I want to list all bookings.",Global bookings listing. Admins see all; agents see their managed users/properties.,"status,agent_id,property_id,user_id",Pending,,,
US-004,360 Stays,bookings,POST /api/v1/bookings/calculate-pricing,Public,"As public, I want to calculate booking pricing.",Calculate booking pricing.,,Pending,,,
US-005,360 Stays,bookings,POST /api/v1/bookings/cancel,Authenticated user,"As authenticated user, I want to cancel booking.",Cancel booking.,,Pending,,,
US-006,360 Stays,bookings,POST /api/v1/bookings/check-availability,Public,"As public, I want to check booking availability.",Check booking availability.,,Pending,,,
US-007,360 Stays,bookings,GET /api/v1/bookings/past,Authenticated user,"As authenticated user, I want to list past bookings.",List past bookings.,,Pending,,,
US-008,360 Stays,bookings,POST /api/v1/bookings/payment,Authenticated user,"As authenticated user, I want to process booking payment.",Process booking payment.,,Pending,,,
US-009,360 Stays,bookings,POST /api/v1/bookings/review,Authenticated user,"As authenticated user, I want to add booking review.",Add booking review.,,Pending,,,
US-010,360 Stays,bookings,GET /api/v1/bookings/upcoming,Authenticated user,"As authenticated user, I want to list upcoming bookings.",List upcoming bookings.,,Pending,,,
US-011,360 Stays,bookings,GET /api/v1/bookings/{booking_id},Authenticated user,"As authenticated user, I want to get booking details.",Get booking details.,booking_id,Pending,,,
US-012,360 Stays,bookings,PUT /api/v1/bookings/{booking_id},Authenticated user,"As authenticated user, I want to update booking.",Update booking.,booking_id,Pending,,,
US-013,360 Stays,payments,GET /api/v1/payments/methods,Authenticated user,"As authenticated user, I want to list the current user's saved payment methods.",List the current user's saved payment methods,,Pending,,,
US-014,360 Stays,payments,POST /api/v1/payments/methods,Authenticated user,"As authenticated user, I want to save a new payment method for the current user.",Save a new payment method for the current user,,Pending,,,
US-015,360 Stays,payments,PUT /api/v1/payments/methods/{method_id},Authenticated user,"As authenticated user, I want to update a saved payment method.",Update a saved payment method,method_id,Pending,,,
US-016,360 Stays,payments,DELETE /api/v1/payments/methods/{method_id},Authenticated user,"As authenticated user, I want to delete a saved payment method.",Delete a saved payment method,method_id,Pending,,,
US-017,360 Stays,payments,POST /api/v1/payments/razorpay/order,Authenticated user,"As authenticated user, I want to create a Razorpay order for a booking.",Create a Razorpay order for a booking,,Pending,,,
US-018,360 Stays,payments,POST /api/v1/payments/razorpay/verify,Authenticated user,"As authenticated user, I want to verify a Razorpay payment and mark booking paid.",Verify a Razorpay payment and mark booking paid,,Pending,,,
US-019,AI / Design Studio,design-studio,POST /api/v1/design-studio/generate,Authenticated user,"As authenticated user, I want to generate design image.","Generate an AI design image using Gemini 3 Pro Image Preview. **Requires authentication** (Supabase Bearer token). **Modes:** - `text-to-image`: Generate from a text prompt - `image-to-image`: Transform an uploaded image with a prompt **Request body:** - `mode`: Generation mode - `prompt`: Text description (3-4000 chars) - `image`: Base64-encoded source image (required for image-to-image) - `mimeType`: MIME type of source image (e.g., image/jpeg) **Response:** - `success`: Whether generation succeeded - `image`: Base64 data URL of generated image (on success) - `error`: Error message (on failure) - `code`: Error code (on failure)",,Pending,,,
US-020,AI Agent,ai-agent,POST /api/v1/agent/chat,Authenticated user,"As authenticated user, I want to send agent chat message.",Stream an AI agent response via Server-Sent Events. The main-pool DB session is released after the initial conversation setup. The streaming phase uses a background-pool session so the main pool is not held for the entire AI response duration.,,Pending,,,
US-021,AI Agent,ai-agent,POST /api/v1/agent/chat-public,Public,"As public, I want to send public agent chat message.","Stream an AI agent response for unauthenticated guests via SSE. Only property search tools are available. No conversation persistence. The main-pool DB session is released before streaming begins and a background-pool session is used for tool calls, matching the pattern in the authenticated ``/chat`` endpoint.",,Pending,,,
US-022,AI Agent,ai-agent,GET /api/v1/agent/conversations,Authenticated user,"As authenticated user, I want to list agent conversations.",List the authenticated user's AI conversations.,,Pending,,,
US-023,AI Agent,ai-agent,DELETE /api/v1/agent/conversations/{conversation_id},Authenticated user,"As authenticated user, I want to delete conversation.",Delete a conversation and all its messages. [HTTP 204 on success],conversation_id,Pending,,,
US-024,AI Agent,ai-agent,GET /api/v1/agent/conversations/{conversation_id}/messages,Authenticated user,"As authenticated user, I want to list conversation messages.",Get messages for a specific conversation.,"conversation_id,limit",Pending,,,
US-025,AI Agent,ai-agent,GET /api/v1/agent/widgets/{widget_name},Public,"As public, I want to get widget HTML.",Serve a pre-built HTML widget bundle by name. No auth required — widget HTML is static and data is injected client-side via postMessage after loading.,widget_name,Pending,,,
US-026,Auth & Identity,auth,GET /api/v1/auth/config,Public,"As public, I want to public auth configuration (Google client IDs).",PUBLIC. Return Google OAuth client IDs (any may be null).,,Pending,,,
US-027,Auth & Identity,auth,POST /api/v1/auth/delete-account,Authenticated user,"As authenticated user, I want to permanently delete the current user's account.",AUTH required. Permanently delete the caller's own account. Hard-deletes the Supabase Auth user (revoking all sessions) and anonymizes + soft-deletes the local record. App Store Guideline 5.1.1(v) compliance: the account becomes permanently unusable. Returns 204 No Content (alternate mobile-friendly route; the canonical ``DELETE /users/me`` returns 200 + MessageResponse). [HTTP 204 on success],,Pending,,,
US-028,Auth & Identity,auth,POST /api/v1/auth/identifier-status,Public,"As public, I want to probe the auth status of an email/phone (drives client login flow).","PUBLIC. Return a NEUTRAL status for the given identifier. Rate-limited per-IP. Detects channel (``'@'`` → email, else phone), looks the identifier up directly in Supabase ``auth.users``, and computes ``next_step``: ``""password""`` iff the identifier exists, is verified, and has a password credential (``encrypted_password`` present); otherwise ``""otp""``.",,Pending,,,
US-029,Auth & Identity,auth,POST /api/v1/auth/last-method,Authenticated user,"As authenticated user, I want to record the last authentication method used by the current user.",AUTH required. Persist ``method`` on the current user. Returns 204 No Content. [HTTP 204 on success],,Pending,,,
US-030,Auth & Identity,auth,POST /api/v1/auth/link-identity,Authenticated user,"As authenticated user, I want to link an OAuth identity to the current Supabase user.",AUTH required. Wrap the GoTrue Admin identity-linking call.,,Pending,,,
US-031,Auth & Identity,oauth,GET /api/v1/mcp/oauth/authorize,Public,"As public, I want to oAuth authorize.",OAuth 2.1 Authorization Endpoint.,"response_type,client_id,redirect_uri,scope,state,code_challenge,code_challenge_method,resource",Pending,,,
US-032,Auth & Identity,oauth,GET /api/v1/mcp/oauth/callback,Public,"As public, I want to oAuth callback.",Handle OAuth callback for MCP clients.,"code,state,iss",Pending,,,
US-033,Auth & Identity,oauth,GET /api/v1/mcp/oauth/consent,Public,"As public, I want to oAuth consent page.",OAuth consent and login page.,session,Pending,,,
US-034,Auth & Identity,oauth,POST /api/v1/mcp/oauth/consent,Public,"As public, I want to process OAuth consent.",Process OAuth consent and login.,,Pending,,,
US-035,Auth & Identity,oauth,POST /api/v1/mcp/oauth/register,Public,"As public, I want to register OAuth client.",RFC 7591 Dynamic Client Registration Endpoint.,,Pending,,,
US-036,Auth & Identity,oauth,POST /api/v1/mcp/oauth/revoke,Public,"As public, I want to revoke OAuth token.",RFC 7009 OAuth token revocation endpoint.,,Pending,,,
US-037,Auth & Identity,oauth,POST /api/v1/mcp/oauth/token,Public,"As public, I want to oAuth token endpoint.",OAuth 2.1 Token Endpoint.,,Pending,,,
US-038,Auth & Identity,users,GET /api/v1/users,Authenticated user,"As authenticated user, I want to list users.",List users. Admins see all (optionally filter by agent). Agents see their assigned users.,"q,agent_id",Pending,,,
US-039,Auth & Identity,users,PUT /api/v1/users/location,Authenticated user,"As authenticated user, I want to update user location.",Update user's current location,,Pending,,,
US-040,Auth & Identity,users,GET /api/v1/users/me,Authenticated user,"As authenticated user, I want to get current user.",Get current user profile (alias for /profile).,,Pending,,,
US-041,Auth & Identity,users,DELETE /api/v1/users/me,Authenticated user,"As authenticated user, I want to delete my account.",Delete the current user's account. Hard-deletes the Supabase Auth user (revoking all sessions) and anonymizes + soft-deletes the local record. Shares the same logic as ``POST /auth/delete-account``.,,Pending,,,
US-042,Auth & Identity,users,PUT /api/v1/users/me,Authenticated user,"As authenticated user, I want to update current user.",Update current user profile (alias for /profile).,,Pending,,,
US-043,Auth & Identity,users,GET /api/v1/users/me/auth-state,Authenticated user,"As authenticated user, I want to get current user auth state.","Compute and return the current auth gate stage for the user. Returns the centralized gate state: ``stage``: one of identifier_verification, password_setup, profile_completion, app_onboarding, active ``next_action``: what the client should route to ``missing_fields``: profile fields still required (if applicable) The ``app`` query param selects which app's onboarding check to run (defaults to ``flatmates``). New apps register their check via :func:`register_app_onboarding_check` during startup.",app,Pending,,,
US-044,Auth & Identity,users,POST /api/v1/users/me/avatar,Authenticated user,"As authenticated user, I want to upload user avatar.","Upload a profile avatar image. The image is automatically converted to WebP and downscaled to 512 px max dimension at quality 85 before storage, saving bandwidth and storage costs. Returns the updated user profile with the new ``profile_image_url``.",,Pending,,,
US-045,Auth & Identity,users,GET /api/v1/users/me/identities,Authenticated user,"As authenticated user, I want to list linked identities.","Return the OAuth identities linked to the current Supabase user. Reads from the app_metadata on the current user (populated during login by the dependency layer). Returns a list of ``{provider, identity_id}``.",,Pending,,,
US-046,Auth & Identity,users,POST /api/v1/users/me/onboarding,Authenticated user,"As authenticated user, I want to complete user onboarding.",Mark the given app's onboarding as complete. Sets ``<app>_onboarding_completed = True`` on the current user so the gate advances past ``app_onboarding`` on subsequent ``GET /me/auth-state`` calls.,app,Pending,,,
US-047,Auth & Identity,users,PUT /api/v1/users/me/phone,Authenticated user,"As authenticated user, I want to update current user phone.",Update current user's phone number. Phone is saved but NOT verified.,,Pending,,,
US-048,Auth & Identity,users,POST /api/v1/users/me/profile-image,Authenticated user,"As authenticated user, I want to upload user profile image.",Upload a profile image (alias for /me/avatar). The image is automatically converted to WebP and downscaled to 512 px max dimension at quality 85 before storage.,,Pending,,,
US-049,Auth & Identity,users,GET /api/v1/users/notification-settings,Authenticated user,"As authenticated user, I want to get notification settings.",Return the current user's notification settings. Falls back to defaults defined in NotificationSettings when no explicit settings are stored.,,Pending,,,
US-050,Auth & Identity,users,PUT /api/v1/users/notification-settings,Authenticated user,"As authenticated user, I want to update notification settings.",Update the current user's notification settings (360 Ghar app).,,Pending,,,
US-051,Auth & Identity,users,PUT /api/v1/users/notifications,Authenticated user,"As authenticated user, I want to update notifications.",Compatibility endpoint for the stays app. Accepts an arbitrary JSON object and stores it in users.notification_settings.,,Pending,,,
US-052,Auth & Identity,users,GET /api/v1/users/preferences,Authenticated user,"As authenticated user, I want to get user preferences.",Get user preferences,,Pending,,,
US-053,Auth & Identity,users,PUT /api/v1/users/preferences,Authenticated user,"As authenticated user, I want to update user preferences.",Update user preferences,,Pending,,,
US-054,Auth & Identity,users,PUT /api/v1/users/privacy,Authenticated user,"As authenticated user, I want to update privacy.",Compatibility endpoint for the stays app privacy settings.,,Pending,,,
US-055,Auth & Identity,users,GET /api/v1/users/privacy-settings,Authenticated user,"As authenticated user, I want to get privacy settings.",Return the current user's privacy settings.,,Pending,,,
US-056,Auth & Identity,users,PUT /api/v1/users/privacy-settings,Authenticated user,"As authenticated user, I want to update privacy settings.",Update the current user's privacy settings (360 Ghar app).,,Pending,,,
US-057,Auth & Identity,users,GET /api/v1/users/profile,Authenticated user,"As authenticated user, I want to get user profile.",Get current user profile,,Pending,,,
US-058,Auth & Identity,users,PUT /api/v1/users/profile,Authenticated user,"As authenticated user, I want to update user profile.",Update user profile,,Pending,,,
US-059,Auth & Identity,users,GET /api/v1/users/{user_id},Authenticated user,"As authenticated user, I want to get user details.",Get user details.,user_id,Pending,,,
US-060,Auth & Identity,users,PUT /api/v1/users/{user_id},Authenticated user,"As authenticated user, I want to update user.",Update user.,user_id,Pending,,,
US-061,Auth & Identity,users,POST /api/v1/users/{user_id}/assign-agent,Admin,"As admin, I want to assign agent to user.",Assign agent to user.,user_id,Pending,,,
US-062,Blog,blog,POST /api/v1/blog/categories,Authenticated user,"As authenticated user, I want to create blog category.",Create a new blog category (admin only). Invalidates category cache. [HTTP 201 on success],,Pending,,,
US-063,Blog,blog,GET /api/v1/blog/categories,Public (auth optional),"As public (auth optional), I want to list blog categories.",List all blog categories with cursor pagination. Public endpoint.,,Pending,,,
US-064,Blog,blog,GET /api/v1/blog/categories/{identifier},Public (auth optional),"As public (auth optional), I want to get blog category.",Get a specific category by ID or slug. Public endpoint.,identifier,Pending,,,
US-065,Blog,blog,PUT /api/v1/blog/categories/{identifier},Authenticated user,"As authenticated user, I want to update blog category.",Update a category by ID or slug (admin only). Invalidates category cache.,identifier,Pending,,,
US-066,Blog,blog,DELETE /api/v1/blog/categories/{identifier},Authenticated user,"As authenticated user, I want to delete blog category.",Delete a category by ID or slug (admin only). Invalidates category cache.,identifier,Pending,,,
US-067,Blog,blog,POST /api/v1/blog/generate-bulk,Authenticated user,"As authenticated user, I want to generate blogs in bulk.","Generate multiple draft blogs by first researching topics, then generating each one. Admin only.",,Pending,,,
US-068,Blog,blog,POST /api/v1/blog/generate-from-topic,Authenticated user,"As authenticated user, I want to generate blog from topic.",Generate a draft blog from a given topic using Perplexity and fetch images via Google Images (SerpAPI). Admin only.,,Pending,,,
US-069,Blog,blog,POST /api/v1/blog/posts,Authenticated user,"As authenticated user, I want to create blog post.",Create a new blog post (admin only).,,Pending,,,
US-070,Blog,blog,GET /api/v1/blog/posts,Public (auth optional),"As public (auth optional), I want to list blog posts.","List blog posts with cursor pagination, filters for categories, tags, and text search.","q,categories,tags,keywords,status",Pending,,,
US-071,Blog,blog,GET /api/v1/blog/posts/preview/{token},Public,"As public, I want to preview blog post by token.",Publicly fetch a blog post (any status) using its preview token. No authentication required. Intended for sharing drafts/scheduled posts for review before they are published.,token,Pending,,,
US-072,Blog,blog,GET /api/v1/blog/posts/{identifier},Public (auth optional),"As public (auth optional), I want to get blog post.",Get a specific blog post by ID or slug. Public endpoint.,identifier,Pending,,,
US-073,Blog,blog,PUT /api/v1/blog/posts/{identifier},Authenticated user,"As authenticated user, I want to update blog post.",Update a blog post by ID or slug (admin only).,identifier,Pending,,,
US-074,Blog,blog,DELETE /api/v1/blog/posts/{identifier},Authenticated user,"As authenticated user, I want to delete blog post.",Delete a blog post by ID or slug (admin only).,identifier,Pending,,,
US-075,Blog,blog,POST /api/v1/blog/posts/{post_id}/preview-token,Authenticated user,"As authenticated user, I want to generate preview token.",Generate (or rotate) a preview token for a blog post. Admin only.,post_id,Pending,,,
US-076,Blog,blog,POST /api/v1/blog/tags,Authenticated user,"As authenticated user, I want to create blog tag.",Create a new blog tag (admin only). Invalidates tag cache. [HTTP 201 on success],,Pending,,,
US-077,Blog,blog,GET /api/v1/blog/tags,Public (auth optional),"As public (auth optional), I want to list blog tags.",List all blog tags with cursor pagination. Public endpoint.,,Pending,,,
US-078,Blog,blog,GET /api/v1/blog/tags/{identifier},Public (auth optional),"As public (auth optional), I want to get blog tag.",Get a specific tag by ID or slug. Public endpoint.,identifier,Pending,,,
US-079,Blog,blog,PUT /api/v1/blog/tags/{identifier},Authenticated user,"As authenticated user, I want to update blog tag.",Update a tag by ID or slug (admin only). Invalidates tag cache.,identifier,Pending,,,
US-080,Blog,blog,DELETE /api/v1/blog/tags/{identifier},Authenticated user,"As authenticated user, I want to delete blog tag.",Delete a tag by ID or slug (admin only). Invalidates tag cache.,identifier,Pending,,,
US-081,Core / Platform,core,POST /api/v1/bugs,Authenticated user,"As authenticated user, I want to create bug report.",Create a new bug report,,Pending,,,
US-082,Core / Platform,core,GET /api/v1/bugs,Authenticated user,"As authenticated user, I want to list bug reports.",Get bug reports (filtered by current user if not admin),"status,bug_type",Pending,,,
US-083,Core / Platform,core,POST /api/v1/bugs/with-media,Authenticated user,"As authenticated user, I want to create bug report with media.",Create a bug report with media uploads,,Pending,,,
US-084,Core / Platform,core,GET /api/v1/bugs/{bug_id},Authenticated user,"As authenticated user, I want to get bug report.",Get a specific bug report,bug_id,Pending,,,
US-085,Core / Platform,core,PUT /api/v1/bugs/{bug_id},Authenticated user,"As authenticated user, I want to update bug report.",Update a bug report (admin only for status updates),bug_id,Pending,,,
US-086,Core / Platform,core,POST /api/v1/faqs,Admin,"As admin, I want to create FAQ.",Create a new FAQ (admin only). Invalidates FAQ cache.,,Pending,,,
US-087,Core / Platform,core,GET /api/v1/faqs,Admin,"As admin, I want to list FAQs (admin).",Get FAQs with admin filters (admin only),"category,is_active",Pending,,,
US-088,Core / Platform,core,GET /api/v1/faqs/public,Public,"As public, I want to list FAQs (public).","Public FAQs listing (only active FAQs, cached 6hrs).",category,Pending,,,
US-089,Core / Platform,core,GET /api/v1/faqs/{faq_id},Admin,"As admin, I want to get FAQ.",Get a specific FAQ (admin only),faq_id,Pending,,,
US-090,Core / Platform,core,PUT /api/v1/faqs/{faq_id},Admin,"As admin, I want to update FAQ.",Update an FAQ (admin only). Invalidates FAQ cache.,faq_id,Pending,,,
US-091,Core / Platform,core,DELETE /api/v1/faqs/{faq_id},Admin,"As admin, I want to delete FAQ.",Soft delete an FAQ (admin only). Invalidates FAQ cache.,faq_id,Pending,,,
US-092,Core / Platform,core,POST /api/v1/pages,Admin,"As admin, I want to create page.",Create a new page (admin only),,Pending,,,
US-093,Core / Platform,core,GET /api/v1/pages,Admin,"As admin, I want to list pages.",Get pages (admin only),"is_active,is_draft",Pending,,,
US-094,Core / Platform,core,GET /api/v1/pages/{unique_name},Admin,"As admin, I want to get page.",Get a specific page by unique name (admin only),unique_name,Pending,,,
US-095,Core / Platform,core,PUT /api/v1/pages/{unique_name},Admin,"As admin, I want to update page.",Update a page (admin only),unique_name,Pending,,,
US-096,Core / Platform,core,DELETE /api/v1/pages/{unique_name},Admin,"As admin, I want to delete page.",Delete a page (admin only),unique_name,Pending,,,
US-097,Core / Platform,core,GET /api/v1/pages/{unique_name}/public,Public,"As public, I want to get public page.",Get a page for public access (no auth required),unique_name,Pending,,,
US-098,Core / Platform,core,POST /api/v1/versions,Admin,"As admin, I want to create app version.",Create a new app version entry (admin only). Invalidates version cache.,,Pending,,,
US-099,Core / Platform,core,GET /api/v1/versions,Admin,"As admin, I want to list app versions.",Get app versions (admin only),"app,platform,is_active",Pending,,,
US-100,Core / Platform,core,POST /api/v1/versions/check,Public,"As public, I want to check for app updates.","Check if there's an available update (public endpoint, cached 1hr).",,Pending,,,
US-101,Core / Platform,core,PUT /api/v1/versions/{version_id},Admin,"As admin, I want to update app version.",Update an app version entry (admin only). Invalidates version cache.,version_id,Pending,,,
US-102,Core / Platform,webhooks,POST /api/v1/webhooks/auth/password-changed,Public,"As public, I want to supabase webhook: invalidate sessions after a password change.",Revoke all Supabase sessions for the user whose password just changed. Headers: X-Supabase-Signature: hex HMAC-SHA256 of the raw body using ``SUPABASE_WEBHOOK_SECRET``. [HTTP 200 on success],,Pending,,,
US-103,Core / Platform,share,GET /share/tours/{tour_id},Public,"As public, I want to render Open Graph/Twitter meta tags for a tour and redirect humans to the viewer.",Render Open Graph/Twitter meta tags for a tour and redirect humans to the viewer. The optional `redirect` query param allows the caller (frontend) to control where humans land after crawlers read the metadata.,"tour_id,redirect",Pending,,,
US-104,Data Hub,data-hub,POST /api/v1/data-hub/admin/import/{table_name},Admin,"As admin, I want to bulk import data.",Placeholder for bulk data import (admin only).,table_name,Pending,,,
US-105,Data Hub,data-hub,GET /api/v1/data-hub/admin/scraper/runs,Admin,"As admin, I want to list scraper runs.",List recent scraper runs (admin only).,,Pending,,,
US-106,Data Hub,data-hub,POST /api/v1/data-hub/admin/scraper/{scraper_name}/trigger,Admin,"As admin, I want to trigger scraper.",Trigger a named scraper manually (admin only).,scraper_name,Pending,,,
US-107,Data Hub,data-hub,GET /api/v1/data-hub/auctions,Public,"As public, I want to list bank auctions.",Paginated list of auctions. Defaults to bank auctions; set type='court' for court auctions.,"type,bank,city,source,property_type,min_price,max_price,date_from,date_to",Pending,,,
US-108,Data Hub,data-hub,POST /api/v1/data-hub/auctions/alerts,Authenticated user,"As authenticated user, I want to create auction alert.",Create a new auction alert for the authenticated user. [HTTP 201 on success],,Pending,,,
US-109,Data Hub,data-hub,GET /api/v1/data-hub/auctions/alerts/me,Authenticated user,"As authenticated user, I want to list my auction alerts.",Get the authenticated user's auction alerts.,,Pending,,,
US-110,Data Hub,data-hub,PUT /api/v1/data-hub/auctions/alerts/{alert_id},Authenticated user,"As authenticated user, I want to update auction alert.",Update an auction alert owned by the authenticated user.,alert_id,Pending,,,
US-111,Data Hub,data-hub,DELETE /api/v1/data-hub/auctions/alerts/{alert_id},Authenticated user,"As authenticated user, I want to delete auction alert.",Delete an auction alert owned by the authenticated user. [HTTP 204 on success],alert_id,Pending,,,
US-112,Data Hub,data-hub,GET /api/v1/data-hub/auctions/banks,Public,"As public, I want to list auction banks.",List distinct bank names from bank auctions (cached for 24 hours).,,Pending,,,
US-113,Data Hub,data-hub,GET /api/v1/data-hub/auctions/cities,Public,"As public, I want to list auction cities.",Return distinct city values from bank_auctions + court_auctions (cached for 24 hours).,,Pending,,,
US-114,Data Hub,data-hub,GET /api/v1/data-hub/auctions/source-categories,Public,"As public, I want to list auction source categories.",Return grouped source metadata with counts.,,Pending,,,
US-115,Data Hub,data-hub,GET /api/v1/data-hub/auctions/{auction_id},Public,"As public, I want to get auction details.","Get a single auction by ID — checks bank auctions first, then court auctions.",auction_id,Pending,,,
US-116,Data Hub,data-hub,GET /api/v1/data-hub/bank-rates,Public,"As public, I want to list bank rates.",List latest bank interest rates.,,Pending,,,
US-117,Data Hub,data-hub,GET /api/v1/data-hub/builders,Public,"As public, I want to list builders.","List builders aggregated from RERA projects, with complaint counts and scores.","q,order_by",Pending,,,
US-118,Data Hub,data-hub,GET /api/v1/data-hub/builders/{slug},Public,"As public, I want to get builder reputation.",Get builder reputation details by slug.,slug,Pending,,,
US-119,Data Hub,data-hub,POST /api/v1/data-hub/calculator/stamp-duty,Public,"As public, I want to calculate stamp duty.",Calculate stamp duty and registration fee (alias of /circle-rates/calculate-duty).,,Pending,,,
US-120,Data Hub,data-hub,GET /api/v1/data-hub/circle-rates,Public,"As public, I want to list circle rates.",List circle rates with optional filters.,"sector,year,property_type",Pending,,,
US-121,Data Hub,data-hub,POST /api/v1/data-hub/circle-rates/calculate-duty,Public,"As public, I want to calculate stamp duty.",Calculate stamp duty and registration fee (also callable from /calculator/stamp-duty).,,Pending,,,
US-122,Data Hub,data-hub,GET /api/v1/data-hub/circle-rates/sectors,Public,"As public, I want to list circle rate sectors.",List distinct sector names from circle rates (cached for 24 hours).,,Pending,,,
US-123,Data Hub,data-hub,GET /api/v1/data-hub/circle-rates/{slug},Public,"As public, I want to get circle rate.",Get a single circle rate entry by slug.,slug,Pending,,,
US-124,Data Hub,data-hub,GET /api/v1/data-hub/colony-approvals,Public,"As public, I want to list colony approvals.",List colony approvals.,,Pending,,,
US-125,Data Hub,data-hub,GET /api/v1/data-hub/gazette,Public,"As public, I want to list gazette notifications.",List gazette notifications with optional type and text search filters.,"type,q",Pending,,,
US-126,Data Hub,data-hub,GET /api/v1/data-hub/gazette/{gazette_id},Public,"As public, I want to get gazette notification.",Get a single gazette notification by ID.,gazette_id,Pending,,,
US-127,Data Hub,data-hub,GET /api/v1/data-hub/jamabandi/captcha,Authenticated user,"As authenticated user, I want to get jamabandi captcha.",Proxy the Jamabandi CAPTCHA image.,,Pending,,,
US-128,Data Hub,data-hub,POST /api/v1/data-hub/jamabandi/lookup,Authenticated user,"As authenticated user, I want to lookup jamabandi record.",Look up a land record (Nakal) via Jamabandi.,,Pending,,,
US-129,Data Hub,data-hub,GET /api/v1/data-hub/neighbourhood/{listing_id},Public,"As public, I want to get neighbourhood score.",Get neighbourhood score for a property listing.,listing_id,Pending,,,
US-130,Data Hub,data-hub,POST /api/v1/data-hub/neighbourhood/{listing_id}/refresh,Admin,"As admin, I want to refresh neighbourhood score.",Trigger a neighbourhood score refresh for a listing (admin only).,listing_id,Pending,,,
US-131,Data Hub,data-hub,GET /api/v1/data-hub/rera-projects,Public,"As public, I want to list RERA projects.",List RERA projects with optional status filter and text search.,"status,q",Pending,,,
US-132,Data Hub,data-hub,GET /api/v1/data-hub/rera-projects/verify/{rera_number},Public,"As public, I want to verify RERA number.","Verify a RERA number — returns validity, status, and project name.",rera_number,Pending,,,
US-133,Data Hub,data-hub,GET /api/v1/data-hub/rera-projects/{rera_number},Public,"As public, I want to get RERA project.",Get a single RERA project by its RERA number.,rera_number,Pending,,,
US-134,Data Hub,data-hub,GET /api/v1/data-hub/zoning,Public,"As public, I want to list zoning data.",List zoning data with optional sector filter.,sector,Pending,,,
US-135,Data Hub,data-hub,GET /api/v1/data-hub/zoning/sectors,Public,"As public, I want to list zoning sectors.",List distinct sectors from zoning data.,,Pending,,,
US-136,Data Hub,data-hub,GET /api/v1/data-hub/zoning/{slug},Public,"As public, I want to get zoning data.",Get zoning data for a specific sector by slug.,slug,Pending,,,
US-137,Flatmates,flatmates,GET /api/v1/flatmates/blocks,Authenticated user,"As authenticated user, I want to list blocked users.",List blocked users.,,Pending,,,
US-138,Flatmates,flatmates,POST /api/v1/flatmates/blocks,Authenticated user,"As authenticated user, I want to block user.",Block user.,,Pending,,,
US-139,Flatmates,flatmates,DELETE /api/v1/flatmates/blocks/{blocked_user_id},Authenticated user,"As authenticated user, I want to unblock user.",Unblock user.,blocked_user_id,Pending,,,
US-140,Flatmates,flatmates,GET /api/v1/flatmates/bootstrap,Authenticated user,"As authenticated user, I want to get flatmates bootstrap.",Get flatmates bootstrap.,,Pending,,,
US-141,Flatmates,flatmates,GET /api/v1/flatmates/catalogs,Public,"As public, I want to get flatmates catalogs.",Get flatmates catalogs.,,Pending,,,
US-142,Flatmates,flatmates,GET /api/v1/flatmates/conversations,Authenticated user,"As authenticated user, I want to list conversations.",List conversations.,,Pending,,,
US-143,Flatmates,flatmates,POST /api/v1/flatmates/conversations,Authenticated user,"As authenticated user, I want to create conversation.",Create conversation.,,Pending,,,
US-144,Flatmates,flatmates,GET /api/v1/flatmates/conversations/{conversation_id},Authenticated user,"As authenticated user, I want to get conversation detail.",Get conversation detail.,conversation_id,Pending,,,
US-145,Flatmates,flatmates,POST /api/v1/flatmates/conversations/{conversation_id}/mark-read,Authenticated user,"As authenticated user, I want to mark conversation as read.",Mark conversation as read.,conversation_id,Pending,,,
US-146,Flatmates,flatmates,GET /api/v1/flatmates/conversations/{conversation_id}/messages,Authenticated user,"As authenticated user, I want to list conversation messages.",List conversation messages.,conversation_id,Pending,,,
US-147,Flatmates,flatmates,POST /api/v1/flatmates/conversations/{conversation_id}/messages,Authenticated user,"As authenticated user, I want to send conversation message.",Send conversation message.,conversation_id,Pending,,,
US-148,Flatmates,flatmates,POST /api/v1/flatmates/conversations/{conversation_id}/qa,Authenticated user,"As authenticated user, I want to save Q&A answers.",Save Q&A answers.,conversation_id,Pending,,,
US-149,Flatmates,flatmates,POST /api/v1/flatmates/conversations/{conversation_id}/qna,Authenticated user,"As authenticated user, I want to save Q&A answers.",Save Q&A answers.,conversation_id,Pending,,,
US-150,Flatmates,flatmates,GET /api/v1/flatmates/likes,Authenticated user,"As authenticated user, I want to list incoming likes.",List incoming likes.,,Pending,,,
US-151,Flatmates,flatmates,POST /api/v1/flatmates/listings/{listing_id}/society-tags/votes,Authenticated user,"As authenticated user, I want to vote on society tag.",Vote on society tag.,listing_id,Pending,,,
US-152,Flatmates,flatmates,GET /api/v1/flatmates/matches,Authenticated user,"As authenticated user, I want to list matches.",List matches.,,Pending,,,
US-153,Flatmates,flatmates,PUT /api/v1/flatmates/matches/{match_id}/unmatch,Authenticated user,"As authenticated user, I want to unmatch conversation.",Unmatch conversation.,match_id,Pending,,,
US-154,Flatmates,flatmates-admin,GET /api/v1/flatmates/moderation/listings,Authenticated user,"As authenticated user, I want to list pending listings.",Get listings pending moderation review. Requires admin role.,status,Pending,,,
US-155,Flatmates,flatmates-admin,PUT /api/v1/flatmates/moderation/listings/{listing_id},Authenticated user,"As authenticated user, I want to moderate listing.","Moderate a listing: approve, reject, or request edit. Requires admin role.",listing_id,Pending,,,
US-156,Flatmates,flatmates-admin,POST /api/v1/flatmates/moderation/prescreen/{listing_id},Authenticated user,"As authenticated user, I want to prescreen listing.",Run deterministic AI pre-screening for a flatmates listing. Requires admin role.,listing_id,Pending,,,
US-157,Flatmates,flatmates-admin,GET /api/v1/flatmates/moderation/reports,Authenticated user,"As authenticated user, I want to list pending reports.",Get user reports pending review. Requires admin role.,status,Pending,,,
US-158,Flatmates,flatmates-admin,PUT /api/v1/flatmates/moderation/reports/{report_id},Authenticated user,"As authenticated user, I want to moderate report.",Moderate a user report. Requires admin role.,report_id,Pending,,,
US-159,Flatmates,flatmates,GET /api/v1/flatmates/notifications,Authenticated user,"As authenticated user, I want to list flatmates notifications.",List flatmates notifications.,,Pending,,,
US-160,Flatmates,flatmates,PUT /api/v1/flatmates/notifications,Authenticated user,"As authenticated user, I want to mark flatmates notifications.",Mark flatmates notifications.,,Pending,,,
US-161,Flatmates,flatmates,PUT /api/v1/flatmates/notifications/{notification_id},Authenticated user,"As authenticated user, I want to mark flatmates notification.",Mark flatmates notification.,notification_id,Pending,,,
US-162,Flatmates,flatmates,GET /api/v1/flatmates/outgoing-likes,Authenticated user,"As authenticated user, I want to list outgoing likes.",List outgoing likes.,,Pending,,,
US-163,Flatmates,flatmates,GET /api/v1/flatmates/profile,Authenticated user,"As authenticated user, I want to get current flatmate profile.",Get current flatmate profile.,,Pending,,,
US-164,Flatmates,flatmates,PUT /api/v1/flatmates/profile,Authenticated user,"As authenticated user, I want to update flatmate profile.",Update flatmate profile.,,Pending,,,
US-165,Flatmates,flatmates,PATCH /api/v1/flatmates/profile,Authenticated user,"As authenticated user, I want to patch flatmate profile.",Patch flatmate profile.,,Pending,,,
US-166,Flatmates,flatmates,POST /api/v1/flatmates/profile,Authenticated user,"As authenticated user, I want to create flatmate profile.",Create flatmate profile.,,Pending,,,
US-167,Flatmates,flatmates,POST /api/v1/flatmates/profile-views,Authenticated user,"As authenticated user, I want to record profile view.",Record profile view.,,Pending,,,
US-168,Flatmates,flatmates,GET /api/v1/flatmates/profiles,Authenticated user,"As authenticated user, I want to discover flatmate profiles.",Discover flatmate profiles.,"city,budget_min,budget_max,move_in,lat,lng,radius,non_negotiables",Pending,,,
US-169,Flatmates,flatmates,GET /api/v1/flatmates/profiles/{user_id},Authenticated user,"As authenticated user, I want to get flatmate profile by user.",Get flatmate profile by user.,user_id,Pending,,,
US-170,Flatmates,flatmates,POST /api/v1/flatmates/reports,Authenticated user,"As authenticated user, I want to report user.",Report user.,,Pending,,,
US-171,Flatmates,flatmates,GET /api/v1/flatmates/sse,Authenticated user,"As authenticated user, I want to stream flatmates events (SSE).",SSE stream for flatmates real-time events.,,Pending,,,
US-172,Flatmates,flatmates,POST /api/v1/flatmates/swipes,Authenticated user,"As authenticated user, I want to swipe flatmate profile.",Swipe flatmate profile.,,Pending,,,
US-173,Flatmates,flatmates,PUT /api/v1/flatmates/visits/{visit_id},Authenticated user,"As authenticated user, I want to update flatmate visit.",Update flatmate visit.,visit_id,Pending,,,
US-174,Ghar Core,agents,GET /api/v1/agents,Admin,"As admin, I want to list all agents.",Get list of all agents (admin endpoint),include_inactive,Pending,,,
US-175,Ghar Core,agents,POST /api/v1/agents,Admin,"As admin, I want to create agent.",Create a new agent (admin endpoint),,Pending,,,
US-176,Ghar Core,agents,POST /api/v1/agents/assign,Authenticated user,"As authenticated user, I want to assign agent to me.",Assign an agent to the current user (auto-assign if no agent_id provided),agent_id,Pending,,,
US-177,Ghar Core,agents,GET /api/v1/agents/assigned,Authenticated user,"As authenticated user, I want to get my assigned agent.",Get the current user's assigned agent,,Pending,,,
US-178,Ghar Core,agents,GET /api/v1/agents/available,Authenticated user,"As authenticated user, I want to list available agents.",Get list of available agents with optional filters,"specialization,agent_type",Pending,,,
US-179,Ghar Core,agents,GET /api/v1/agents/me,Agent / RM,"As agent / rm, I want to get my agent profile.",Return the current agent user's Agent profile. Assumes the agent user's `agent_id` links to their Agent record.,,Pending,,,
US-180,Ghar Core,agents,GET /api/v1/agents/specializations/{specialization},Authenticated user,"As authenticated user, I want to list agents by specialization.",Get agents by specialization - returns all active agents,specialization,Pending,,,
US-181,Ghar Core,agents,GET /api/v1/agents/system/stats,Admin,"As admin, I want to get system statistics.",Get overall agent system statistics (admin endpoint),,Pending,,,
US-182,Ghar Core,agents,GET /api/v1/agents/system/workload,Admin,"As admin, I want to get system workload.",Get workload distribution across all agents (admin endpoint),,Pending,,,
US-183,Ghar Core,agents,GET /api/v1/agents/types/{agent_type},Authenticated user,"As authenticated user, I want to list agents by type.","Get agents by type (general, specialist, senior)",agent_type,Pending,,,
US-184,Ghar Core,agents,GET /api/v1/agents/{agent_id},Authenticated user,"As authenticated user, I want to get agent details.",Get details of a specific agent,agent_id,Pending,,,
US-185,Ghar Core,agents,PUT /api/v1/agents/{agent_id},Admin,"As admin, I want to update agent.",Update agent details (admin endpoint),agent_id,Pending,,,
US-186,Ghar Core,agents,DELETE /api/v1/agents/{agent_id},Admin,"As admin, I want to deactivate agent.",Deactivate an agent (admin endpoint),agent_id,Pending,,,
US-187,Ghar Core,agents,PATCH /api/v1/agents/{agent_id}/availability,Admin,"As admin, I want to update agent availability.",Update agent availability (admin endpoint),"agent_id,is_available",Pending,,,
US-188,Ghar Core,agents,GET /api/v1/agents/{agent_id}/stats,Authenticated user,"As authenticated user, I want to get agent statistics.",Get agent details with performance statistics,agent_id,Pending,,,
US-189,Ghar Core,agents,GET /api/v1/agents/{agent_id}/visits,Authenticated user,"As authenticated user, I want to get agent visit history.",Get visits handled by a specific agent. Authorization: - Admin users can view any agent's visits - Agent users can view their own visits - Regular users can view visits for their assigned agent,agent_id,Pending,,,
US-190,Ghar Core,amenities,GET /api/v1/amenities,Public,"As public, I want to list amenities.",List all available amenities (cached for 24 hours).,,Pending,,,
US-191,Ghar Core,dashboard,GET /api/v1/dashboard/realtime,Authenticated user,"As authenticated user, I want to get realtime dashboard stats.",Get realtime analytics metrics for the current user's tours.,,Pending,,,
US-192,Ghar Core,dashboard,GET /api/v1/dashboard/stats,Authenticated user,"As authenticated user, I want to get dashboard stats.",Get dashboard statistics for the current user. Returns aggregate stats including: - Total tours and published tours - Total views across all tours - Total scenes - Storage usage and limits,,Pending,,,
US-193,Ghar Core,properties,POST /api/v1/properties,Authenticated user,"As authenticated user, I want to create property.",Create a new property (requires authentication),owner_id,Pending,,,
US-194,Ghar Core,properties,GET /api/v1/properties,Public (auth optional),"As public (auth optional), I want to list properties.",Get properties with comprehensive filtering and optional authentication. This endpoint supports: - Location-based search (lat/lng + radius) - Text search (q parameter) and optional semantic search (`semantic_search=true`) - Comprehensive property filtering - Multiple sorting options - Optional user authentication - Auth-aware filter: exclude swiped properties when `exclude_swiped=true`,,Pending,,,
US-195,Ghar Core,properties,GET /api/v1/properties/me,Authenticated user,"As authenticated user, I want to list my properties.",List properties owned by the current user (requires authentication).,,Pending,,,
US-196,Ghar Core,properties,GET /api/v1/properties/recommendations,Public (auth optional),"As public (auth optional), I want to list recommended properties.","Get property recommendations with optional authentication. - With authentication: Personalized recommendations based on user preferences and swipes - Without authentication: Popular properties based on likes and recency Note: `total` is always null for recommendations (no cheap COUNT query). Pass `include_total=true` to request it, but the service does not compute it and will return `null`.",,Pending,,,
US-197,Ghar Core,properties,GET /api/v1/properties/semantic-search,Public (auth optional),"As public (auth optional), I want to semantic property search.",Perform semantic (vector-powered) property search. Combines vector similarity with traditional filters and returns relevance scores.,,Pending,,,
US-198,Ghar Core,properties,GET /api/v1/properties/{property_id},Public (auth optional),"As public (auth optional), I want to get property details.",Get property details,property_id,Pending,,,
US-199,Ghar Core,properties,PUT /api/v1/properties/{property_id},Authenticated user,"As authenticated user, I want to update property.",Update property details,property_id,Pending,,,
US-200,Ghar Core,properties,DELETE /api/v1/properties/{property_id},Authenticated user,"As authenticated user, I want to delete property.",Delete a property,property_id,Fixed & Verified,BUG: delete crashed with ModuleNotFoundError (imported Visit from non-existent app.models.visits). Fixed import -> app.models.properties. Verified by test.,,
US-201,Ghar Core,swipes,POST /api/v1/swipes,Authenticated user,"As authenticated user, I want to swipe property.",Record a property swipe (like/dislike),,Pending,,,
US-202,Ghar Core,swipes,GET /api/v1/swipes,Authenticated user,"As authenticated user, I want to list swipe history.",Get user's swipe history with comprehensive filtering and property details. This endpoint supports: - Location-based search (lat/lng + radius) - Text search (q parameter) - Comprehensive property filtering - Multiple sorting options - Swipe-specific filters (liked/disliked) - Cursor-based pagination,"lat,lng,radius,q,property_type,purpose,price_min,price_max,bedrooms_min,bedrooms_max,bathrooms_min,bathrooms_max,area_min,area_max,city,locality,pincode,amenities,features,parking_spaces_min,floor_number_min,floor_number_max,age_max,check_in,check_out,guests,is_liked,sort_by",Pending,,,
US-203,Ghar Core,swipes,POST /api/v1/swipes/batch-remove,Authenticated user,"As authenticated user, I want to batch remove swipes.",Remove many liked swipes for the current user in a single request.,,Pending,,,
US-204,Ghar Core,swipes,GET /api/v1/swipes/stats,Authenticated user,"As authenticated user, I want to get swipe statistics.",Get user's swipe statistics,,Pending,,,
US-205,Ghar Core,swipes,DELETE /api/v1/swipes/undo,Authenticated user,"As authenticated user, I want to undo last swipe.",Undo the last swipe for the user,,Pending,,,
US-206,Ghar Core,swipes,PUT /api/v1/swipes/{swipe_id}/toggle,Authenticated user,"As authenticated user, I want to toggle swipe like.",Toggle the like status of an existing swipe,swipe_id,Pending,,,
US-207,Ghar Core,visits,POST /api/v1/visits,Authenticated user,"As authenticated user, I want to schedule a visit.",Schedule a visit.,,Pending,,,
US-208,Ghar Core,visits,GET /api/v1/visits,Authenticated user,"As authenticated user, I want to list my visits.",List my visits.,,Pending,,,
US-209,Ghar Core,visits,GET /api/v1/visits/all,Authenticated user,"As authenticated user, I want to list all visits.",Global visits listing. Admins see all; agents see their managed users/properties.,"status,agent_id,property_id,user_id",Pending,,,
US-210,Ghar Core,visits,GET /api/v1/visits/past,Authenticated user,"As authenticated user, I want to list past visits.",List past visits.,,Pending,,,
US-211,Ghar Core,visits,GET /api/v1/visits/upcoming,Authenticated user,"As authenticated user, I want to list upcoming visits.",List upcoming visits.,,Pending,,,
US-212,Ghar Core,visits,GET /api/v1/visits/{visit_id},Authenticated user,"As authenticated user, I want to get visit details.",Get visit details.,visit_id,Pending,,,
US-213,Ghar Core,visits,PUT /api/v1/visits/{visit_id},Authenticated user,"As authenticated user, I want to update visit.",Update visit.,visit_id,Pending,,,
US-214,Ghar Core,visits,POST /api/v1/visits/{visit_id}/cancel,Authenticated user,"As authenticated user, I want to cancel visit.",Cancel visit.,visit_id,Pending,,,
US-215,Ghar Core,visits,POST /api/v1/visits/{visit_id}/complete,Authenticated user,"As authenticated user, I want to complete visit.",Mark a visit as completed. Admins or responsible Agents only.,visit_id,Pending,,,
US-216,Ghar Core,visits,POST /api/v1/visits/{visit_id}/reschedule,Authenticated user,"As authenticated user, I want to reschedule visit.",Reschedule visit.,visit_id,Pending,,,
US-217,Media & Upload,upload,POST /api/v1/upload,Authenticated user,"As authenticated user, I want to upload file.",Upload a single file with MediaFile tracking. Files are uploaded to user-scoped paths: users/{user_id}/...,,Pending,,,
US-218,Media & Upload,upload,POST /api/v1/upload/batch,Authenticated user,"As authenticated user, I want to upload files in batch.",Upload multiple files in a single request. Files are uploaded to user-scoped paths: users/{user_id}/...,,Pending,,,
US-219,Media & Upload,upload,POST /api/v1/upload/confirm/{upload_id},Authenticated user,"As authenticated user, I want to confirm upload.",Confirm a client-side upload completed successfully. Call this endpoint after uploading a file directly to storage using the signed URL from /presigned. This verifies the file exists and updates the MediaFile record status from 'pending' to 'complete'.,upload_id,Pending,,,
US-220,Media & Upload,upload,GET /api/v1/upload/media,Authenticated user,"As authenticated user, I want to list media files.",List uploaded media files for the current user.,"tour_id,folder,mime_type,visibility,is_processed,upload_status",Pending,,,
US-221,Media & Upload,upload,POST /api/v1/upload/media/batch-delete,Authenticated user,"As authenticated user, I want to bulk delete media files.",Delete up to 50 media files in a single request. Only media owned by the current user are deleted. IDs that are not found or are owned by another user are returned in the ``failed`` list.,,Pending,,,
US-222,Media & Upload,upload,GET /api/v1/upload/media/{media_id},Authenticated user,"As authenticated user, I want to get media file.",Get a single media file for the current user.,media_id,Pending,,,
US-223,Media & Upload,upload,DELETE /api/v1/upload/media/{media_id},Authenticated user,"As authenticated user, I want to delete media file.",Delete a media file and attempt to remove the underlying object from storage. [HTTP 204 on success],media_id,Pending,,,
US-224,Media & Upload,upload,PATCH /api/v1/upload/media/{media_id},Authenticated user,"As authenticated user, I want to update media file.",Update media processing status or URLs.,media_id,Pending,,,
US-225,Media & Upload,upload,POST /api/v1/upload/presigned,Authenticated user,"As authenticated user, I want to create presigned uploads.","Create presigned upload URLs for direct client-side uploads. Returns signed URLs that clients can use to upload files directly to storage. After uploading, clients should call POST /upload/confirm/{upload_id} to confirm the upload completed successfully. Files are stored in user-scoped paths based on folder_type: - AVATAR: users/{user_id}/avatars/ - PROPERTY_IMAGE: users/{user_id}/properties/{property_id}/images/ - PROPERTY_VIDEO: users/{user_id}/properties/{property_id}/videos/ - TOUR/SCENE: users/{user_id}/tours/{tour_id}/scenes/{scene_id}/ - DOCUMENT_*: users/{user_id}/documents/{type}/ - GENERIC: users/{user_id}/uploads/",,Pending,,,
US-226,Notifications,notifications,POST /api/v1/notifications/deliveries/{delivery_id}/opened,Authenticated user,"As authenticated user, I want to mark delivery as opened.",Mark a delivery as opened for the current authenticated user.,delivery_id,Pending,,,
US-227,Notifications,notifications,POST /api/v1/notifications/devices/register,Public (auth optional),"As public (auth optional), I want to register notification device.",Register notification device.,,Pending,,,
US-228,Notifications,notifications,DELETE /api/v1/notifications/devices/unregister,Public (auth optional),"As public (auth optional), I want to unregister notification device.",Unregister notification device.,token,Pending,,,
US-229,Notifications,notifications,POST /api/v1/notifications/marketing/broadcast,Admin,"As admin, I want to send marketing broadcast.",Send a marketing notification to all active users (broadcast).,,Pending,,,
US-230,Notifications,notifications,POST /api/v1/notifications/marketing/segment,Admin,"As admin, I want to send marketing segment.",Send a marketing notification to a segment of users based on simple filters.,,Pending,,,
US-231,Notifications,notifications,POST /api/v1/notifications/send/bulk,Admin,"As admin, I want to send bulk notifications.",Send bulk notifications.,,Pending,,,
US-232,Notifications,notifications,POST /api/v1/notifications/send/token,Admin,"As admin, I want to send notification to token.",Send notification to token.,,Pending,,,
US-233,Notifications,notifications,POST /api/v1/notifications/send/topic,Admin,"As admin, I want to send notification to topic.",Send notification to topic.,,Pending,,,
US-234,Notifications,notifications,POST /api/v1/notifications/send/typed/user,Admin,"As admin, I want to send typed notification to user.","Send a typed, multi-channel notification to a single user by DB id.",,Pending,,,
US-235,Notifications,notifications,POST /api/v1/notifications/send/user,Admin,"As admin, I want to send notification to user.",Send notification to user.,,Pending,,,
US-236,Notifications,notifications,GET /api/v1/notifications/users/{user_id},Admin,"As admin, I want to list user notifications.",Return notifications sent to the specified user (by DB id).,user_id,Pending,,,
US-237,Property Management,pm-applications,GET /api/v1/pm/applications,Authenticated user,"As authenticated user, I want to list applications inbox.",List applications inbox.,"owner_id,property_id,status,submitted_from,submitted_to",Pending,,,
US-238,Property Management,pm-applications,POST /api/v1/pm/applications/forms,Authenticated user,"As authenticated user, I want to create application form.",Create application form.,,Pending,,,
US-239,Property Management,pm-applications,GET /api/v1/pm/applications/forms,Authenticated user,"As authenticated user, I want to list application forms.",List application forms.,"owner_id,property_id,q",Pending,,,
US-240,Property Management,pm-applications,GET /api/v1/pm/applications/forms/{form_id},Authenticated user,"As authenticated user, I want to get application form.",Get application form.,form_id,Pending,,,
US-241,Property Management,pm-applications,GET /api/v1/pm/applications/{application_id},Authenticated user,"As authenticated user, I want to get application detail.",Get application detail.,application_id,Pending,,,
US-242,Property Management,pm-applications,POST /api/v1/pm/applications/{application_id}/decision,Authenticated user,"As authenticated user, I want to decide on application.",Decide on application.,application_id,Pending,,,
US-243,Property Management,pm-assignments,POST /api/v1/pm/assignments,Authenticated user,"As authenticated user, I want to assign RM to owner.",Assign RM to owner.,,Pending,,,
US-244,Property Management,pm-assignments,PATCH /api/v1/pm/assignments/{owner_user_id},Authenticated user,"As authenticated user, I want to update RM assignment.",Update RM assignment.,owner_user_id,Pending,,,
US-245,Property Management,pm-dashboard,GET /api/v1/pm/dashboard/activity,Authenticated user,"As authenticated user, I want to get PM dashboard activity.",Get PM dashboard activity.,owner_id,Pending,,,
US-246,Property Management,pm-dashboard,GET /api/v1/pm/dashboard/overview,Authenticated user,"As authenticated user, I want to get PM dashboard overview.",Get PM dashboard overview.,owner_id,Pending,,,
US-247,Property Management,pm-documents,GET /api/v1/pm/documents,Authenticated user,"As authenticated user, I want to list property documents.",List property documents.,"owner_id,property_id,lease_id,user_id,maintenance_request_id,rental_application_id,document_type",Pending,,,
US-248,Property Management,pm-documents,POST /api/v1/pm/documents/upload,Authenticated user,"As authenticated user, I want to upload property document.",Upload property document.,,Pending,,,
US-249,Property Management,pm-documents,PATCH /api/v1/pm/documents/{document_id},Authenticated user,"As authenticated user, I want to update property document metadata.",Update property document metadata.,document_id,Pending,,,
US-250,Property Management,pm-documents,GET /api/v1/pm/documents/{document_id}/download,Authenticated user,"As authenticated user, I want to download property document.",Download property document.,document_id,Pending,,,
US-251,Property Management,pm-expenses,POST /api/v1/pm/expenses,Authenticated user,"As authenticated user, I want to create expense.",Create expense.,,Pending,,,
US-252,Property Management,pm-expenses,GET /api/v1/pm/expenses,Authenticated user,"As authenticated user, I want to list expenses.",List expenses.,"owner_id,property_id,category,start_date,end_date",Pending,,,
US-253,Property Management,pm-expenses,PATCH /api/v1/pm/expenses/{expense_id},Authenticated user,"As authenticated user, I want to update expense.",Update expense.,expense_id,Pending,,,
US-254,Property Management,pm-inspections,POST /api/v1/pm/inspections,Authenticated user,"As authenticated user, I want to create inspection checklist.",Create inspection checklist.,,Pending,,,
US-255,Property Management,pm-inspections,GET /api/v1/pm/inspections,Authenticated user,"As authenticated user, I want to list inspection checklists.",List inspection checklists.,"owner_id,lease_id,property_id",Pending,,,
US-256,Property Management,pm-inspections,GET /api/v1/pm/inspections/{inspection_id},Authenticated user,"As authenticated user, I want to get inspection checklist.",Get inspection checklist.,inspection_id,Pending,,,
US-257,Property Management,pm-inspections,POST /api/v1/pm/inspections/{inspection_id}/sign,Authenticated user,"As authenticated user, I want to sign inspection checklist.",Sign inspection checklist.,inspection_id,Pending,,,
US-258,Property Management,pm-leases,POST /api/v1/pm/leases,Authenticated user,"As authenticated user, I want to create lease.",Create lease.,,Pending,,,
US-259,Property Management,pm-leases,GET /api/v1/pm/leases,Authenticated user,"As authenticated user, I want to list leases.",List leases.,"owner_id,property_id,tenant_user_id,status",Pending,,,
US-260,Property Management,pm-leases,GET /api/v1/pm/leases/{lease_id},Authenticated user,"As authenticated user, I want to get lease.",Get lease.,lease_id,Pending,,,
US-261,Property Management,pm-leases,POST /api/v1/pm/leases/{lease_id}/renew,Authenticated user,"As authenticated user, I want to renew lease.",Renew lease.,lease_id,Pending,,,
US-262,Property Management,pm-leases,POST /api/v1/pm/leases/{lease_id}/terminate,Authenticated user,"As authenticated user, I want to terminate lease.",Terminate lease.,lease_id,Pending,,,
US-263,Property Management,pm-leases,POST /api/v1/pm/leases/{lease_id}/upload-signed,Authenticated user,"As authenticated user, I want to upload signed lease.",Upload signed lease.,lease_id,Pending,,,
US-264,Property Management,pm-maintenance,POST /api/v1/pm/maintenance/requests,Authenticated user,"As authenticated user, I want to submit maintenance request.",Submit maintenance request.,,Pending,,,
US-265,Property Management,pm-maintenance,GET /api/v1/pm/maintenance/requests,Authenticated user,"As authenticated user, I want to list maintenance requests.",List maintenance requests.,"owner_id,property_id,lease_id,request_status,work_order_status",Pending,,,
US-266,Property Management,pm-maintenance,PATCH /api/v1/pm/maintenance/requests/{request_id},Authenticated user,"As authenticated user, I want to update maintenance request.",Update maintenance request.,request_id,Fixed & Verified,"BUG: status state-machine referenced non-existent statuses (in_progress/on_hold) and omitted real ones (in_review/work_order_created), blocking all valid transitions. Rewrote ALLOWED_TRANSITIONS to match MaintenanceRequestStatus enum. Verified by test.",,
US-267,Property Management,pm-properties,POST /api/v1/pm/properties,Authenticated user,"As authenticated user, I want to create managed property.",Create managed property.,"owner_id,management_status,payment_due_day,grace_period_days",Pending,,,
US-268,Property Management,pm-properties,GET /api/v1/pm/properties,Authenticated user,"As authenticated user, I want to list managed properties.",List managed properties.,"owner_id,occupancy,q",Pending,,,
US-269,Property Management,pm-properties,GET /api/v1/pm/properties/{property_id},Authenticated user,"As authenticated user, I want to get managed property.",Get managed property.,property_id,Pending,,,
US-270,Property Management,pm-properties,PATCH /api/v1/pm/properties/{property_id},Authenticated user,"As authenticated user, I want to update managed property.",Update managed property.,property_id,Pending,,,
US-271,Property Management,pm-public,GET /api/v1/pm/public/applications/{slug},Public,"As public, I want to get public application form.",Get public application form.,slug,Pending,,,
US-272,Property Management,pm-public,POST /api/v1/pm/public/applications/{slug}/submit,Public,"As public, I want to submit public application.",Submit public application.,slug,Pending,,,
US-273,Property Management,pm-rent,GET /api/v1/pm/rent/charges,Authenticated user,"As authenticated user, I want to list rent charges.",List rent charges.,"as_tenant,owner_id,lease_id,property_id,status",Pending,,,
US-274,Property Management,pm-rent,POST /api/v1/pm/rent/charges/generate,Authenticated user,"As authenticated user, I want to generate rent charges.",Generate rent charges.,,Pending,,,
US-275,Property Management,pm-rent,POST /api/v1/pm/rent/charges/{charge_id}/tenant-payment-intent,Authenticated user,"As authenticated user, I want to create tenant payment intent.",Create tenant payment intent.,charge_id,Pending,,,
US-276,Property Management,pm-rent,POST /api/v1/pm/rent/payments,Authenticated user,"As authenticated user, I want to record rent payment.",Record rent payment.,,Pending,,,
US-277,Property Management,pm-rent,GET /api/v1/pm/rent/payments,Authenticated user,"As authenticated user, I want to list rent payments.",List rent payments.,"as_tenant,owner_id,lease_id,property_id",Pending,,,
US-278,Property Management,pm-reports,GET /api/v1/pm/reports/expenses,Authenticated user,"As authenticated user, I want to get expense report.",Get expense report.,"owner_id,start,end",Pending,,,
US-279,Property Management,pm-reports,GET /api/v1/pm/reports/income,Authenticated user,"As authenticated user, I want to get income report.",Get income report.,"owner_id,start,end",Pending,,,
US-280,Property Management,pm-reports,GET /api/v1/pm/reports/maintenance,Authenticated user,"As authenticated user, I want to get maintenance report.",Get maintenance report.,owner_id,Pending,,,
US-281,Property Management,pm-reports,GET /api/v1/pm/reports/occupancy,Authenticated user,"As authenticated user, I want to get occupancy report.",Get occupancy report.,owner_id,Pending,,,
US-282,Property Management,pm-reports,GET /api/v1/pm/reports/pnl,Authenticated user,"As authenticated user, I want to get profit & loss report.",Get profit & loss report.,"owner_id,start,end",Pending,,,
US-283,Property Management,pm-reports,GET /api/v1/pm/reports/rent-roll,Authenticated user,"As authenticated user, I want to get rent roll report.",Get rent roll report.,owner_id,Pending,,,
US-284,Property Management,pm-tenants,GET /api/v1/pm/tenants,Authenticated user,"As authenticated user, I want to list owner tenants.",List owner tenants.,owner_id,Pending,,,
US-285,Property Management,pm-tenants,GET /api/v1/pm/tenants/{tenant_user_id},Authenticated user,"As authenticated user, I want to get tenant details.",Get tenant details.,"tenant_user_id,owner_id",Pending,,,
US-286,Vastu,vastu,POST /api/v1/vastu/analyze,Public,"As public, I want to analyze floor plan vastu.","Analyze a floor plan image for Vastu Shastra compliance. This is a **public endpoint** - no authentication required. Upload a floor plan image and receive a comprehensive Vastu analysis including: - Overall Vastu score (1-10) - Room-by-room analysis with status ratings - Major defects identified with severity levels - Practical remedies and improvement suggestions - Full markdown report for display/download **Supported image formats:** JPEG, PNG, WebP (max 5MB) **North Direction Options:** - `up`: North is at the top of the image - `down`: North is at the bottom - `left`: North is to the left - `right`: North is to the right - `unknown`: Not sure (AI will attempt to detect) **AI Provider Options:** - `glm`: ZhipuAI GLM-5V-Turbo (default) - `gemini`: Google Gemini 3.1 Flash-Lite",,Pending,,,
US-287,Vastu,vastu,GET /api/v1/vastu/health,Public,"As public, I want to vastu health check.",Health check endpoint for the Vastu analyzer service.,,Pending,,,
US-288,Virtual Tours,ai,GET /api/v1/ai/jobs,Authenticated user,"As authenticated user, I want to list AI jobs.",List AI processing jobs for the current user. Returns jobs with optional status filtering and cursor pagination.,status_filter,Pending,,,
US-289,Virtual Tours,ai,GET /api/v1/ai/jobs/{job_id},Authenticated user,"As authenticated user, I want to get AI job.",Get the status and result of an AI processing job. Returns the job details including progress and results if completed.,job_id,Pending,,,
US-290,Virtual Tours,ai,POST /api/v1/ai/jobs/{job_id}/cancel,Authenticated user,"As authenticated user, I want to cancel AI job.",Cancel a running AI processing job. Only pending or processing jobs can be cancelled.,job_id,Pending,,,
US-291,Virtual Tours,ai,POST /api/v1/ai/scenes/{scene_id}/analyze,Authenticated user,"As authenticated user, I want to analyze scene.","Analyze a single scene using AI. Returns room type, suggested title/description, and quality assessment.",scene_id,Pending,,,
US-292,Virtual Tours,ai,POST /api/v1/ai/scenes/{scene_id}/apply-hotspots,Authenticated user,"As authenticated user, I want to apply hotspot suggestions.",Apply AI hotspot suggestions to a scene. Creates hotspots based on the selected suggestion IDs.,"scene_id,job_id",Pending,,,
US-293,Virtual Tours,ai,POST /api/v1/ai/scenes/{scene_id}/description,Authenticated user,"As authenticated user, I want to generate scene description.",Generate AI description for a scene. Creates a compelling description based on the panorama content.,scene_id,Pending,,,
US-294,Virtual Tours,ai,POST /api/v1/ai/scenes/{scene_id}/hotspots,Authenticated user,"As authenticated user, I want to suggest scene hotspots.",Get AI-suggested hotspots for a scene. Analyzes the panorama to suggest optimal navigation and info hotspot placements.,scene_id,Pending,,,
US-295,Virtual Tours,ai,POST /api/v1/ai/tours/generate,Authenticated user,"As authenticated user, I want to generate tour.",Generate a new tour from uploaded 360 images using AI. Accepts multipart/form-data with image files and tour options. Images are uploaded to storage and then processed by AI to: - Detect room types - Generate scene titles and descriptions - Optionally suggest hotspot placements,,Pending,,,
US-296,Virtual Tours,ai,POST /api/v1/ai/tours/{tour_id}/analyze,Authenticated user,"As authenticated user, I want to analyze tour scenes.","Analyze all scenes in a tour using AI. Detects room types, suggests titles/descriptions, and evaluates image quality. Returns a job ID for tracking progress.",tour_id,Pending,,,
US-297,Virtual Tours,ai,POST /api/v1/ai/tours/{tour_id}/apply-analysis,Authenticated user,"As authenticated user, I want to apply scene analysis.",Apply AI scene analysis suggestions to scenes. Updates scene titles and descriptions based on selected suggestions.,tour_id,Pending,,,
US-298,Virtual Tours,ai,POST /api/v1/ai/tours/{tour_id}/descriptions,Authenticated user,"As authenticated user, I want to generate tour descriptions.",Generate AI descriptions for all scenes in a tour. Creates descriptions for each scene based on panorama content.,tour_id,Pending,,,
US-299,Virtual Tours,ai,POST /api/v1/ai/tours/{tour_id}/hotspots,Authenticated user,"As authenticated user, I want to suggest tour hotspots.",Get AI-suggested hotspots for all scenes in a tour. Analyzes all panoramas and suggests navigation hotspots to connect scenes.,tour_id,Pending,,,
US-300,Virtual Tours,ai,POST /api/v1/ai/tours/{tour_id}/optimize,Authenticated user,"As authenticated user, I want to optimize tour.",Optimize an existing tour using AI suggestions.,tour_id,Pending,,,
US-301,Virtual Tours,custom-domains,POST /api/v1/custom-domains,Authenticated user,"As authenticated user, I want to create custom domain.",Create a new custom domain. Returns the domain with a verification token that must be added as a DNS TXT record. [HTTP 201 on success],,Pending,,,
US-302,Virtual Tours,custom-domains,GET /api/v1/custom-domains,Authenticated user,"As authenticated user, I want to list custom domains.",List all custom domains for the current user.,,Pending,,,
US-303,Virtual Tours,custom-domains,GET /api/v1/custom-domains/{domain_id},Authenticated user,"As authenticated user, I want to get custom domain.",Get a specific custom domain by ID.,domain_id,Pending,,,
US-304,Virtual Tours,custom-domains,DELETE /api/v1/custom-domains/{domain_id},Authenticated user,"As authenticated user, I want to delete custom domain.",Delete a custom domain. [HTTP 204 on success],domain_id,Pending,,,
US-305,Virtual Tours,custom-domains,POST /api/v1/custom-domains/{domain_id}/verify,Authenticated user,"As authenticated user, I want to verify custom domain.",Trigger verification for a custom domain. Checks if the DNS TXT record has been added correctly. Returns verification status and instructions if not yet verified.,domain_id,Pending,,,
US-306,Virtual Tours,hotspots,GET /api/v1/hotspots/{hotspot_id},Authenticated user,"As authenticated user, I want to get hotspot.",Get a hotspot by ID.,hotspot_id,Pending,,,
US-307,Virtual Tours,hotspots,PATCH /api/v1/hotspots/{hotspot_id},Authenticated user,"As authenticated user, I want to update hotspot.","Update a hotspot's properties (partial update). Can update type, position, target scene, title, description, icon, and custom data. Only the fields provided in the request body will be updated. Note: Both PUT and PATCH are supported for backward compatibility. PATCH is the recommended method for partial updates.",hotspot_id,Pending,,,
US-308,Virtual Tours,hotspots,PUT /api/v1/hotspots/{hotspot_id},Authenticated user,"As authenticated user, I want to update hotspot.","Update a hotspot's properties (partial update). Can update type, position, target scene, title, description, icon, and custom data. Only the fields provided in the request body will be updated. Note: Both PUT and PATCH are supported for backward compatibility. PATCH is the recommended method for partial updates.",hotspot_id,Pending,,,
US-309,Virtual Tours,hotspots,DELETE /api/v1/hotspots/{hotspot_id},Authenticated user,"As authenticated user, I want to delete hotspot.",Delete a hotspot from a scene. [HTTP 204 on success],hotspot_id,Pending,,,
US-310,Virtual Tours,hotspots,PUT /api/v1/hotspots/{hotspot_id}/position,Authenticated user,"As authenticated user, I want to update hotspot position.",Update only the position of a hotspot. This is a convenience endpoint for drag-and-drop positioning in the editor.,hotspot_id,Pending,,,
US-311,Virtual Tours,public-tours,GET /api/v1/public/tours/{tour_id},Public,"As public, I want to get public tour.","Get a publicly accessible tour by ID. This endpoint is used by the public viewer and embed page. It does not require authentication but the tour must be: - Published (status = 'published') - Public (is_public = True) - Not deleted Optionally tracks view analytics (disable with track=false query param). Returns the complete tour structure including scenes and hotspots, ordered by scene order_index.","tour_id,track",Pending,,,
US-312,Virtual Tours,public-tours,POST /api/v1/public/tours/{tour_id}/events,Public,"As public, I want to track tour event.",Track an analytics event for a public tour. Event types: - view: Tour was loaded - scene_view: A specific scene was viewed - hotspot_click: A hotspot was clicked - share: Tour was shared - fullscreen: Fullscreen mode was toggled - vr_enter: VR mode was entered This endpoint does not require authentication.,"tour_id,event_type,scene_id,hotspot_id",Pending,,,
US-313,Virtual Tours,public-tours,POST /api/v1/public/tours/{tour_id}/like,Public,"As public, I want to like tour.",Increment the like count for a public tour. Rate-limited per IP to prevent count manipulation.,tour_id,Pending,,,
US-314,Virtual Tours,public-tours,DELETE /api/v1/public/tours/{tour_id}/like,Public,"As public, I want to unlike tour.",Decrement the like count for a public tour. Rate-limited per IP to prevent count manipulation.,tour_id,Pending,,,
US-315,Virtual Tours,public-tours,GET /api/v1/public/tours/{tour_id}/scenes,Public,"As public, I want to get public tour scenes.",Get all scenes for a publicly accessible tour. Returns scenes ordered by order_index with their hotspots.,tour_id,Pending,,,
US-316,Virtual Tours,scenes,GET /api/v1/scenes/{scene_id},Authenticated user,"As authenticated user, I want to get scene.",Get a scene by ID with all its hotspots.,scene_id,Pending,,,
US-317,Virtual Tours,scenes,PATCH /api/v1/scenes/{scene_id},Authenticated user,"As authenticated user, I want to update scene.","Update a scene's details. Can update title, description, image URLs, and metadata.",scene_id,Pending,,,
US-318,Virtual Tours,scenes,PUT /api/v1/scenes/{scene_id},Authenticated user,"As authenticated user, I want to update scene.","Update a scene's details. Can update title, description, image URLs, and metadata.",scene_id,Pending,,,
US-319,Virtual Tours,scenes,DELETE /api/v1/scenes/{scene_id},Authenticated user,"As authenticated user, I want to delete scene.",Delete a scene from a tour. This will also delete all hotspots associated with the scene. [HTTP 204 on success],scene_id,Pending,,,
US-320,Virtual Tours,scenes,GET /api/v1/scenes/{scene_id}/hotspots,Authenticated user,"As authenticated user, I want to list scene hotspots.",List all hotspots for a scene. Returns hotspots ordered by their order_index.,"scene_id,limit",Pending,,,
US-321,Virtual Tours,scenes,POST /api/v1/scenes/{scene_id}/hotspots,Authenticated user,"As authenticated user, I want to create scene hotspot.","Add a new hotspot to a scene. Hotspots can be navigation links, info popups, or media elements. [HTTP 201 on success]",scene_id,Pending,,,
US-322,Virtual Tours,tours,GET /api/v1/tours,Authenticated user,"As authenticated user, I want to list tours.",List all tours for the current user. Returns paginated list of tours with optional filtering by status and search.,"status,search",Pending,,,
US-323,Virtual Tours,tours,POST /api/v1/tours,Authenticated user,"As authenticated user, I want to create tour.",Create a new virtual tour. Creates a tour in draft status. Add scenes and hotspots before publishing. [HTTP 201 on success],,Pending,,,
US-324,Virtual Tours,tours,GET /api/v1/tours/{tour_id},Authenticated user,"As authenticated user, I want to get tour.",Get a tour by ID with all scenes and hotspots. Returns the complete tour structure including nested scenes and their hotspots.,tour_id,Pending,,,
US-325,Virtual Tours,tours,PATCH /api/v1/tours/{tour_id},Authenticated user,"As authenticated user, I want to update tour.","Update a tour's details. Can update title, description, settings, and other tour properties.",tour_id,Pending,,,
US-326,Virtual Tours,tours,PUT /api/v1/tours/{tour_id},Authenticated user,"As authenticated user, I want to update tour.","Update a tour's details. Can update title, description, settings, and other tour properties.",tour_id,Pending,,,
US-327,Virtual Tours,tours,DELETE /api/v1/tours/{tour_id},Authenticated user,"As authenticated user, I want to delete tour.",Delete a tour (soft delete). The tour is marked as deleted but not permanently removed from the database. [HTTP 204 on success],tour_id,Pending,,,
US-328,Virtual Tours,tours,GET /api/v1/tours/{tour_id}/analytics,Authenticated user,"As authenticated user, I want to get tour analytics.","Get analytics data for a tour. Returns view counts, engagement metrics, device breakdown, and daily views.","tour_id,start_date,end_date",Pending,,,
US-329,Virtual Tours,tours,POST /api/v1/tours/{tour_id}/duplicate,Authenticated user,"As authenticated user, I want to duplicate tour.",Duplicate an existing tour. Creates a complete copy of the tour including all scenes and hotspots. The new tour will be in draft status. [HTTP 201 on success],tour_id,Pending,,,
US-330,Virtual Tours,floor-plans,GET /api/v1/tours/{tour_id}/floor-plans,Authenticated user,"As authenticated user, I want to list floor plans.",List all floor plans for a tour. Returns floor plans ordered by floor number.,"tour_id,limit",Pending,,,
US-331,Virtual Tours,floor-plans,POST /api/v1/tours/{tour_id}/floor-plans,Authenticated user,"As authenticated user, I want to create floor plan.",Create a new floor plan for a tour. Floor plans can include an image and markers that link to scenes. [HTTP 201 on success],tour_id,Pending,,,
US-332,Virtual Tours,floor-plans,GET /api/v1/tours/{tour_id}/floor-plans/{floor_plan_id},Authenticated user,"As authenticated user, I want to get floor plan.",Get a floor plan by ID.,"tour_id,floor_plan_id",Pending,,,
US-333,Virtual Tours,floor-plans,PUT /api/v1/tours/{tour_id}/floor-plans/{floor_plan_id},Authenticated user,"As authenticated user, I want to update floor plan.","Update a floor plan's properties. Can update name, image URL, floor number, and markers.","tour_id,floor_plan_id",Pending,,,
US-334,Virtual Tours,floor-plans,DELETE /api/v1/tours/{tour_id}/floor-plans/{floor_plan_id},Authenticated user,"As authenticated user, I want to delete floor plan.",Delete a floor plan from a tour. [HTTP 204 on success],"tour_id,floor_plan_id",Pending,,,
US-335,Virtual Tours,floor-plans,PUT /api/v1/tours/{tour_id}/floor-plans/{floor_plan_id}/markers,Authenticated user,"As authenticated user, I want to update floor plan markers.",Update only the markers on a floor plan. This is a convenience endpoint for marker placement in the editor.,"tour_id,floor_plan_id",Pending,,,
US-336,Virtual Tours,tours,GET /api/v1/tours/{tour_id}/heatmap,Authenticated user,"As authenticated user, I want to get tour heatmap.",Get aggregated heatmap data for a tour. Returns heatmap points grouped by scene with intensity values for visualization of user interaction patterns.,"tour_id,scene_id,start_date,end_date",Pending,,,
US-337,Virtual Tours,tours,POST /api/v1/tours/{tour_id}/publish,Authenticated user,"As authenticated user, I want to publish tour.",Publish a tour to make it publicly accessible. Sets the tour status to 'published' and records the publish timestamp.,tour_id,Pending,,,
US-338,Virtual Tours,tours,GET /api/v1/tours/{tour_id}/qr-code,Authenticated user,"As authenticated user, I want to get tour QR code.",Generate a QR code for the tour URL. Returns a PNG image of the QR code that links to the public tour page.,"tour_id,size",Pending,,,
US-339,Virtual Tours,tours,GET /api/v1/tours/{tour_id}/scenes,Authenticated user,"As authenticated user, I want to list tour scenes.",List all scenes for a tour. Returns scenes ordered by their order_index.,"tour_id,limit",Pending,,,
US-340,Virtual Tours,tours,POST /api/v1/tours/{tour_id}/scenes,Authenticated user,"As authenticated user, I want to create tour scene.",Add a new scene to a tour. The scene will be added at the end of the tour's scene list. [HTTP 201 on success],tour_id,Pending,,,
US-341,Virtual Tours,tours,POST /api/v1/tours/{tour_id}/scenes/reorder,Authenticated user,"As authenticated user, I want to reorder tour scenes.",Reorder scenes within a tour. Provide the scene IDs in the desired order.,tour_id,Pending,,,
US-342,Virtual Tours,tours,PUT /api/v1/tours/{tour_id}/scenes/reorder,Authenticated user,"As authenticated user, I want to reorder tour scenes.",Reorder scenes within a tour. Provide the scene IDs in the desired order.,tour_id,Pending,,,
US-343,Virtual Tours,tours,POST /api/v1/tours/{tour_id}/unpublish,Authenticated user,"As authenticated user, I want to unpublish tour.",Unpublish a tour to make it private again. Sets the tour status back to 'draft'.,tour_id,Pending,,,
US-344,Auth & Identity,oauth,GET /.well-known/oauth-authorization-server,Public,"As public, I want to get authorization server metadata.",OAuth AS metadata at root path (without issuer suffix) for broad client compatibility.,,Pending,,,
US-345,Auth & Identity,oauth,GET /.well-known/oauth-authorization-server/mcp/oauth,Public,"As public, I want to get authorization server metadata.",OAuth 2.1 Authorization Server Metadata for the MCP OAuth issuer.,,Pending,,,
US-346,Auth & Identity,oauth,GET /.well-known/oauth-protected-resource,Public,"As public, I want to get protected resource metadata.",OAuth 2.0 Protected Resource Metadata (RFC 9728).,,Pending,,,
US-347,Auth & Identity,oauth,GET /.well-known/oauth-protected-resource/mcp,Public,"As public, I want to get protected resource metadata.",OAuth 2.0 Protected Resource Metadata (RFC 9728).,,Pending,,,
US-348,Auth & Identity,oauth,GET /.well-known/oauth-protected-resource/mcp-admin,Public,"As public, I want to get admin protected resource metadata.",Protected resource metadata for the /mcp-admin endpoint.,,Pending,,,
US-349,Auth & Identity,oauth,GET /.well-known/openid-configuration,Public,"As public, I want to get OpenID configuration.",OpenID Connect discovery endpoint (alias for OAuth AS metadata).,,Pending,,,
US-350,Auth & Identity,oauth,GET /.well-known/openid-configuration/mcp/oauth,Public,"As public, I want to get OpenID configuration.",OpenID Connect discovery at alternative path format.,,Pending,,,
US-351,Core / Platform,core,GET /api/v1/health,Public,"As public, I want to redirect /api/v1/health to the root /health endpoint.",Redirect /api/v1/health to the root /health endpoint.,,Pending,,,
US-352,Auth & Identity,oauth,GET /mcp/oauth/.well-known/openid-configuration,Public,"As public, I want to get OpenID configuration.",OpenID Connect discovery at issuer-appended path.,,Pending,,,
US-353,Auth & Identity,oauth,GET /mcp/oauth/authorize,Public,"As public, I want to oAuth authorize.",OAuth 2.1 Authorization Endpoint.,"response_type,client_id,redirect_uri,scope,state,code_challenge,code_challenge_method,resource",Pending,,,
US-354,Auth & Identity,oauth,GET /mcp/oauth/callback,Public,"As public, I want to oAuth callback.",Handle OAuth callback for MCP clients.,"code,state,iss",Pending,,,
US-355,Auth & Identity,oauth,GET /mcp/oauth/consent,Public,"As public, I want to oAuth consent page.",OAuth consent and login page.,session,Pending,,,
US-356,Auth & Identity,oauth,POST /mcp/oauth/consent,Public,"As public, I want to process OAuth consent.",Process OAuth consent and login.,,Pending,,,
US-357,Auth & Identity,oauth,POST /mcp/oauth/register,Public,"As public, I want to register OAuth client.",RFC 7591 Dynamic Client Registration Endpoint.,,Pending,,,
US-358,Auth & Identity,oauth,POST /mcp/oauth/revoke,Public,"As public, I want to revoke OAuth token.",RFC 7009 OAuth token revocation endpoint.,,Pending,,,
US-359,Auth & Identity,oauth,POST /mcp/oauth/token,Public,"As public, I want to oAuth token endpoint.",OAuth 2.1 Token Endpoint.,,Pending,,,
